{
  "PolySwell": {
    "descr": "Factory Preset 01 Rich chords with a slow attack that ring out.  Press the expression pedal to slide up an octave",
    "patch": {
      "Pitch_ToeUp": 6,
      "Filter_ToeUp": 123,
      "Mix_ToeUp": 127,
      "Sustain_ToeUp": 33,
      "FilterEnvelope_ToeUp": 123,
      "Modulation_ToeUp": 57,
      "Portamento_ToeUp": 0,
      "FilterType_ToeUp": 84,
      "DelayLevel_ToeUp": 127,
      "RingModulation_ToeUp": 0,
      "FilterBandwidth_ToeUp": 102,
      "DelayFeedback_ToeUp": 0,
      "WaveShape": 0,
      "SynthMode": 127,
      "EnvelopeType": 0,
      "Tempo": 127,
      "Pitch_ToeDown": 64,
      "Filter_ToeDown": 123,
      "Mix_ToeDown": 127,
      "Sustain_ToeDown": 33,
      "FilterEnvelope_ToeDown": 123,
      "Modulation_ToeDown": 57,
      "Portamento_ToeDown": 0,
      "FilterType_ToeDown": 84,
      "DelayLevel_ToeDown": 127,
      "RingModulation_ToeDown": 0,
      "FilterBandwidth_ToeDown": 102,
      "DelayFeedback_ToeDown": 0
    }
  },
  "PolyRing": {
    "descr": "Factory Preset 02 An accordion like tone.  The envelope modulates the ring modulator to a tremelo that starts fast and slows",
    "patch": {
      "Pitch_ToeUp": 62,
      "Filter_ToeUp": 0,
      "Mix_ToeUp": 101,
      "Sustain_ToeUp": 59,
      "FilterEnvelope_ToeUp": 4,
      "Modulation_ToeUp": 19,
      "Portamento_ToeUp": 0,
      "FilterType_ToeUp": 44,
      "DelayLevel_ToeUp": 0,
      "RingModulation_ToeUp": 68,
      "FilterBandwidth_ToeUp": 55,
      "DelayFeedback_ToeUp": 0,
      "WaveShape": 0,
      "SynthMode": 127,
      "EnvelopeType": 0,
      "Tempo": 127,
      "Pitch_ToeDown": 0,
      "Filter_ToeDown": 90,
      "Mix_ToeDown": 127,
      "Sustain_ToeDown": 59,
      "FilterEnvelope_ToeDown": 28,
      "Modulation_ToeDown": 101,
      "Portamento_ToeDown": 7,
      "FilterType_ToeDown": 37,
      "DelayLevel_ToeDown": 63,
      "RingModulation_ToeDown": 0,
      "FilterBandwidth_ToeDown": 0,
      "DelayFeedback_ToeDown": 121
    }
  },
  "SparkArp": {
    "descr": "Factory Preset 03 A light sweet arp with long sustain, this turns dark and machine like when the expression pedal is pushed down",
    "patch": {
      "Pitch_ToeUp": 58,
      "Filter_ToeUp": 90,
      "Mix_ToeUp": 83,
      "Sustain_ToeUp": 81,
      "FilterEnvelope_ToeUp": 63,
      "Modulation_ToeUp": 0,
      "Portamento_ToeUp": 0,
      "FilterType_ToeUp": 0,
      "DelayLevel_ToeUp": 127,
      "RingModulation_ToeUp": 0,
      "FilterBandwidth_ToeUp": 72,
      "DelayFeedback_ToeUp": 0,
      "WaveShape": 0,
      "SynthMode": 95,
      "EnvelopeType": 127,
      "Tempo": 8,
      "Pitch_ToeDown": 0,
      "Filter_ToeDown": 123,
      "Mix_ToeDown": 127,
      "Sustain_ToeDown": 127,
      "FilterEnvelope_ToeDown": 63,
      "Modulation_ToeDown": 0,
      "Portamento_ToeDown": 0,
      "FilterType_ToeDown": 0,
      "DelayLevel_ToeDown": 36,
      "RingModulation_ToeDown": 0,
      "FilterBandwidth_ToeDown": 72,
      "DelayFeedback_ToeDown": 0
    }
  },
  "MonoEcho": {
    "descr": "Factory Preset 04 A space-age echo-forward sounds that, as the pedal goes down, drops 2 octaves and gets heavily filtered",
    "patch": {
      "Pitch_ToeUp": 68,
      "Filter_ToeUp": 76,
      "Mix_ToeUp": 62,
      "Sustain_ToeUp": 0,
      "FilterEnvelope_ToeUp": 44,
      "Modulation_ToeUp": 57,
      "Portamento_ToeUp": 0,
      "FilterType_ToeUp": 84,
      "DelayLevel_ToeUp": 127,
      "RingModulation_ToeUp": 0,
      "FilterBandwidth_ToeUp": 88,
      "DelayFeedback_ToeUp": 89,
      "WaveShape": 0,
      "SynthMode": 63,
      "EnvelopeType": 127,
      "Tempo": 63,
      "Pitch_ToeDown": 0,
      "Filter_ToeDown": 127,
      "Mix_ToeDown": 127,
      "Sustain_ToeDown": 53,
      "FilterEnvelope_ToeDown": 120,
      "Modulation_ToeDown": 53,
      "Portamento_ToeDown": 0,
      "FilterType_ToeDown": 84,
      "DelayLevel_ToeDown": 66,
      "RingModulation_ToeDown": 0,
      "FilterBandwidth_ToeDown": 102,
      "DelayFeedback_ToeDown": 59
    }
  },
  "PolyGlide": {
    "descr": "Factory Preset 05 A rich slide into a sustained chord, as the pedal goes down the detune is increased adding some sharpness to the sound",
    "patch": {
      "Pitch_ToeUp": 5,
      "Filter_ToeUp": 90,
      "Mix_ToeUp": 127,
      "Sustain_ToeUp": 82,
      "FilterEnvelope_ToeUp": 71,
      "Modulation_ToeUp": 0,
      "Portamento_ToeUp": 102,
      "FilterType_ToeUp": 0,
      "DelayLevel_ToeUp": 93,
      "RingModulation_ToeUp": 0,
      "FilterBandwidth_ToeUp": 29,
      "DelayFeedback_ToeUp": 0,
      "WaveShape": 0,
      "SynthMode": 127,
      "EnvelopeType": 0,
      "Tempo": 127,
      "Pitch_ToeDown": 5,
      "Filter_ToeDown": 127,
      "Mix_ToeDown": 127,
      "Sustain_ToeDown": 82,
      "FilterEnvelope_ToeDown": 67,
      "Modulation_ToeDown": 60,
      "Portamento_ToeDown": 102,
      "FilterType_ToeDown": 0,
      "DelayLevel_ToeDown": 82,
      "RingModulation_ToeDown": 0,
      "FilterBandwidth_ToeDown": 29,
      "DelayFeedback_ToeDown": 0
    }
  },
  "DarkArp": {
    "descr": "Factory Preset 06 Tuned tom-toms beat out a rich evening tone, things turn into computer love as the pedal goes down",
    "patch": {
      "Pitch_ToeUp": 0,
      "Filter_ToeUp": 45,
      "Mix_ToeUp": 127,
      "Sustain_ToeUp": 127,
      "FilterEnvelope_ToeUp": 43,
      "Modulation_ToeUp": 121,
      "Portamento_ToeUp": 0,
      "FilterType_ToeUp": 0,
      "DelayLevel_ToeUp": 127,
      "RingModulation_ToeUp": 0,
      "FilterBandwidth_ToeUp": 54,
      "DelayFeedback_ToeUp": 0,
      "WaveShape": 0,
      "SynthMode": 95,
      "EnvelopeType": 127,
      "Tempo": 33,
      "Pitch_ToeDown": 3,
      "Filter_ToeDown": 96,
      "Mix_ToeDown": 127,
      "Sustain_ToeDown": 127,
      "FilterEnvelope_ToeDown": 63,
      "Modulation_ToeDown": 0,
      "Portamento_ToeDown": 0,
      "FilterType_ToeDown": 0,
      "DelayLevel_ToeDown": 34,
      "RingModulation_ToeDown": 0,
      "FilterBandwidth_ToeDown": 41,
      "DelayFeedback_ToeDown": 0
    }
  },
  "MonoTyrell": {
    "descr": "Factory Preset 07 Metalic sinister insects buzzing at the edge of control, press the pedal for dark filtered demons",
    "patch": {
      "Pitch_ToeUp": 62,
      "Filter_ToeUp": 127,
      "Mix_ToeUp": 127,
      "Sustain_ToeUp": 127,
      "FilterEnvelope_ToeUp": 63,
      "Modulation_ToeUp": 127,
      "Portamento_ToeUp": 0,
      "FilterType_ToeUp": 84,
      "DelayLevel_ToeUp": 94,
      "RingModulation_ToeUp": 49,
      "FilterBandwidth_ToeUp": 30,
      "DelayFeedback_ToeUp": 84,
      "WaveShape": 127,
      "SynthMode": 63,
      "EnvelopeType": 0,
      "Tempo": 63,
      "Pitch_ToeDown": 0,
      "Filter_ToeDown": 127,
      "Mix_ToeDown": 127,
      "Sustain_ToeDown": 33,
      "FilterEnvelope_ToeDown": 96,
      "Modulation_ToeDown": 53,
      "Portamento_ToeDown": 0,
      "FilterType_ToeDown": 84,
      "DelayLevel_ToeDown": 18,
      "RingModulation_ToeDown": 0,
      "FilterBandwidth_ToeDown": 102,
      "DelayFeedback_ToeDown": 43
    }
  },
  "ShiftTrem": {
    "descr": "Factory Preset 08 Crystal-like sweet harmonies",
    "patch": {
      "Pitch_ToeUp": 89,
      "Filter_ToeUp": 127,
      "Mix_ToeUp": 40,
      "Sustain_ToeUp": 33,
      "FilterEnvelope_ToeUp": 0,
      "Modulation_ToeUp": 48,
      "Portamento_ToeUp": 0,
      "FilterType_ToeUp": 0,
      "DelayLevel_ToeUp": 112,
      "RingModulation_ToeUp": 17,
      "FilterBandwidth_ToeUp": 0,
      "DelayFeedback_ToeUp": 63,
      "WaveShape": 0,
      "SynthMode": 0,
      "EnvelopeType": 0,
      "Tempo": 63,
      "Pitch_ToeDown": 61,
      "Filter_ToeDown": 127,
      "Mix_ToeDown": 127,
      "Sustain_ToeDown": 33,
      "FilterEnvelope_ToeDown": 0,
      "Modulation_ToeDown": 17,
      "Portamento_ToeDown": 0,
      "FilterType_ToeDown": 0,
      "DelayLevel_ToeDown": 112,
      "RingModulation_ToeDown": 0,
      "FilterBandwidth_ToeDown": 0,
      "DelayFeedback_ToeDown": 63
    }
  },
  "BellLab": {
    "descr": "Factory Preset 09 Dark and ominous bells for your horror movie soundtrack",
    "patch": {
      "Pitch_ToeUp": 97,
      "Filter_ToeUp": 0,
      "Mix_ToeUp": 127,
      "Sustain_ToeUp": 98,
      "FilterEnvelope_ToeUp": 0,
      "Modulation_ToeUp": 88,
      "Portamento_ToeUp": 16,
      "FilterType_ToeUp": 54,
      "DelayLevel_ToeUp": 127,
      "RingModulation_ToeUp": 102,
      "FilterBandwidth_ToeUp": 88,
      "DelayFeedback_ToeUp": 36,
      "WaveShape": 0,
      "SynthMode": 0,
      "EnvelopeType": 0,
      "Tempo": 42,
      "Pitch_ToeDown": 117,
      "Filter_ToeDown": 0,
      "Mix_ToeDown": 127,
      "Sustain_ToeDown": 98,
      "FilterEnvelope_ToeDown": 44,
      "Modulation_ToeDown": 88,
      "Portamento_ToeDown": 115,
      "FilterType_ToeDown": 51,
      "DelayLevel_ToeDown": 127,
      "RingModulation_ToeDown": 0,
      "FilterBandwidth_ToeDown": 79,
      "DelayFeedback_ToeDown": 36
    }
  },
  "Woodwind": {
    "descr": "Factory Preset 10 An echo heavy woodwind plays in the forest",
    "patch": {
      "Pitch_ToeUp": 120,
      "Filter_ToeUp": 51,
      "Mix_ToeUp": 127,
      "Sustain_ToeUp": 127,
      "FilterEnvelope_ToeUp": 65,
      "Modulation_ToeUp": 57,
      "Portamento_ToeUp": 0,
      "FilterType_ToeUp": 0,
      "DelayLevel_ToeUp": 102,
      "RingModulation_ToeUp": 0,
      "FilterBandwidth_ToeUp": 0,
      "DelayFeedback_ToeUp": 83,
      "WaveShape": 0,
      "SynthMode": 0,
      "EnvelopeType": 0,
      "Tempo": 63,
      "Pitch_ToeDown": 127,
      "Filter_ToeDown": 51,
      "Mix_ToeDown": 127,
      "Sustain_ToeDown": 127,
      "FilterEnvelope_ToeDown": 65,
      "Modulation_ToeDown": 57,
      "Portamento_ToeDown": 0,
      "FilterType_ToeDown": 0,
      "DelayLevel_ToeDown": 102,
      "RingModulation_ToeDown": 0,
      "FilterBandwidth_ToeDown": 0,
      "DelayFeedback_ToeDown": 83
    }
  },
  "RileyCurve": {
    "descr": "Factory Preset 11 A sci-fi hero on the run with infinite sustain, our hero see's opportuity as the pedal goes down",
    "patch": {
      "Pitch_ToeUp": 68,
      "Filter_ToeUp": 93,
      "Mix_ToeUp": 127,
      "Sustain_ToeUp": 127,
      "FilterEnvelope_ToeUp": 63,
      "Modulation_ToeUp": 0,
      "Portamento_ToeUp": 0,
      "FilterType_ToeUp": 75,
      "DelayLevel_ToeUp": 56,
      "RingModulation_ToeUp": 0,
      "FilterBandwidth_ToeUp": 0,
      "DelayFeedback_ToeUp": 0,
      "WaveShape": 0,
      "SynthMode": 95,
      "EnvelopeType": 0,
      "Tempo": 8,
      "Pitch_ToeDown": 68,
      "Filter_ToeDown": 93,
      "Mix_ToeDown": 127,
      "Sustain_ToeDown": 127,
      "FilterEnvelope_ToeDown": 63,
      "Modulation_ToeDown": 57,
      "Portamento_ToeDown": 0,
      "FilterType_ToeDown": 75,
      "DelayLevel_ToeDown": 127,
      "RingModulation_ToeDown": 0,
      "FilterBandwidth_ToeDown": 0,
      "DelayFeedback_ToeDown": 0
    }
  },
  "PondBass": {
    "descr": "Factory Preset 12 A deep bass with a slow attack",
    "patch": {
      "Pitch_ToeUp": 7,
      "Filter_ToeUp": 127,
      "Mix_ToeUp": 90,
      "Sustain_ToeUp": 107,
      "FilterEnvelope_ToeUp": 120,
      "Modulation_ToeUp": 127,
      "Portamento_ToeUp": 42,
      "FilterType_ToeUp": 84,
      "DelayLevel_ToeUp": 127,
      "RingModulation_ToeUp": 0,
      "FilterBandwidth_ToeUp": 92,
      "DelayFeedback_ToeUp": 80,
      "WaveShape": 0,
      "SynthMode": 63,
      "EnvelopeType": 0,
      "Tempo": 12,
      "Pitch_ToeDown": 65,
      "Filter_ToeDown": 127,
      "Mix_ToeDown": 90,
      "Sustain_ToeDown": 107,
      "FilterEnvelope_ToeDown": 120,
      "Modulation_ToeDown": 44,
      "Portamento_ToeDown": 42,
      "FilterType_ToeDown": 84,
      "DelayLevel_ToeDown": 127,
      "RingModulation_ToeDown": 0,
      "FilterBandwidth_ToeDown": 92,
      "DelayFeedback_ToeDown": 80
    }
  },
  "Starland": {
    "descr": "Factory Preset 13 Ths flying saucer takes off, runs it to trouble and lands.  Press the pedal to succesfuly hover.",
    "patch": {
      "Pitch_ToeUp": 64,
      "Filter_ToeUp": 123,
      "Mix_ToeUp": 127,
      "Sustain_ToeUp": 127,
      "FilterEnvelope_ToeUp": 122,
      "Modulation_ToeUp": 57,
      "Portamento_ToeUp": 97,
      "FilterType_ToeUp": 84,
      "DelayLevel_ToeUp": 127,
      "RingModulation_ToeUp": 110,
      "FilterBandwidth_ToeUp": 98,
      "DelayFeedback_ToeUp": 0,
      "WaveShape": 0,
      "SynthMode": 127,
      "EnvelopeType": 127,
      "Tempo": 53,
      "Pitch_ToeDown": 116,
      "Filter_ToeDown": 123,
      "Mix_ToeDown": 127,
      "Sustain_ToeDown": 127,
      "FilterEnvelope_ToeDown": 122,
      "Modulation_ToeDown": 31,
      "Portamento_ToeDown": 97,
      "FilterType_ToeDown": 84,
      "DelayLevel_ToeDown": 127,
      "RingModulation_ToeDown": 0,
      "FilterBandwidth_ToeDown": 98,
      "DelayFeedback_ToeDown": 0
    }
  },
  "FormantRing": {
    "descr": "Factory Preset 14 The robot phones it in.  Bad news, HAL is not opening the pod bay doors.",
    "patch": {
      "Pitch_ToeUp": 29,
      "Filter_ToeUp": 34,
      "Mix_ToeUp": 127,
      "Sustain_ToeUp": 127,
      "FilterEnvelope_ToeUp": 0,
      "Modulation_ToeUp": 0,
      "Portamento_ToeUp": 0,
      "FilterType_ToeUp": 49,
      "DelayLevel_ToeUp": 32,
      "RingModulation_ToeUp": 127,
      "FilterBandwidth_ToeUp": 123,
      "DelayFeedback_ToeUp": 31,
      "WaveShape": 0,
      "SynthMode": 0,
      "EnvelopeType": 0,
      "Tempo": 109,
      "Pitch_ToeDown": 32,
      "Filter_ToeDown": 49,
      "Mix_ToeDown": 119,
      "Sustain_ToeDown": 127,
      "FilterEnvelope_ToeDown": 0,
      "Modulation_ToeDown": 5,
      "Portamento_ToeDown": 0,
      "FilterType_ToeDown": 53,
      "DelayLevel_ToeDown": 29,
      "RingModulation_ToeDown": 127,
      "FilterBandwidth_ToeDown": 127,
      "DelayFeedback_ToeDown": 34
    }
  },
  "LinkArp": {
    "descr": "Factory Preset 15 Metalic tines play a staccato arpeggio, like a robot playing a steel drum. Push the pedal to drop and stretch.",
    "patch": {
      "Pitch_ToeUp": 123,
      "Filter_ToeUp": 127,
      "Mix_ToeUp": 127,
      "Sustain_ToeUp": 127,
      "FilterEnvelope_ToeUp": 73,
      "Modulation_ToeUp": 0,
      "Portamento_ToeUp": 0,
      "FilterType_ToeUp": 53,
      "DelayLevel_ToeUp": 58,
      "RingModulation_ToeUp": 0,
      "FilterBandwidth_ToeUp": 47,
      "DelayFeedback_ToeUp": 0,
      "WaveShape": 0,
      "SynthMode": 95,
      "EnvelopeType": 127,
      "Tempo": 25,
      "Pitch_ToeDown": 11,
      "Filter_ToeDown": 127,
      "Mix_ToeDown": 127,
      "Sustain_ToeDown": 127,
      "FilterEnvelope_ToeDown": 0,
      "Modulation_ToeDown": 5,
      "Portamento_ToeDown": 0,
      "FilterType_ToeDown": 0,
      "DelayLevel_ToeDown": 34,
      "RingModulation_ToeDown": 0,
      "FilterBandwidth_ToeDown": 41,
      "DelayFeedback_ToeDown": 0
    }
  },
  "ExpSweep": {
    "descr": "Factory Preset 16 We lay our heads down to rest as IO and Europa pass overhead",
    "patch": {
      "Pitch_ToeUp": 90,
      "Filter_ToeUp": 127,
      "Mix_ToeUp": 82,
      "Sustain_ToeUp": 0,
      "FilterEnvelope_ToeUp": 96,
      "Modulation_ToeUp": 0,
      "Portamento_ToeUp": 0,
      "FilterType_ToeUp": 75,
      "DelayLevel_ToeUp": 81,
      "RingModulation_ToeUp": 0,
      "FilterBandwidth_ToeUp": 0,
      "DelayFeedback_ToeUp": 63,
      "WaveShape": 127,
      "SynthMode": 0,
      "EnvelopeType": 0,
      "Tempo": 34,
      "Pitch_ToeDown": 60,
      "Filter_ToeDown": 85,
      "Mix_ToeDown": 127,
      "Sustain_ToeDown": 0,
      "FilterEnvelope_ToeDown": 94,
      "Modulation_ToeDown": 0,
      "Portamento_ToeDown": 0,
      "FilterType_ToeDown": 77,
      "DelayLevel_ToeDown": 0,
      "RingModulation_ToeDown": 0,
      "FilterBandwidth_ToeDown": 112,
      "DelayFeedback_ToeDown": 0
    }
  },
  "AA0 Click me": {
    "patch": {
      "Pitch_ToeUp": 0,
      "Filter_ToeUp": 45,
      "Mix_ToeUp": 127,
      "Sustain_ToeUp": 127,
      "FilterEnvelope_ToeUp": 43,
      "Modulation_ToeUp": 121,
      "Portamento_ToeUp": 42,
      "FilterType_ToeUp": 0,
      "DelayLevel_ToeUp": 127,
      "RingModulation_ToeUp": 0,
      "FilterBandwidth_ToeUp": 54,
      "DelayFeedback_ToeUp": 0,
      "WaveShape": 127,
      "SynthMode": 95,
      "EnvelopeType": 127,
      "Tempo": 33,
      "Pitch_ToeDown": 3,
      "Filter_ToeDown": 96,
      "Mix_ToeDown": 127,
      "Sustain_ToeDown": 127,
      "FilterEnvelope_ToeDown": 63,
      "Modulation_ToeDown": 0,
      "Portamento_ToeDown": 0,
      "FilterType_ToeDown": 0,
      "DelayLevel_ToeDown": 34,
      "RingModulation_ToeDown": 0,
      "FilterBandwidth_ToeDown": 41,
      "DelayFeedback_ToeDown": 0
    },
    "descr": "Click on a patch name in this list to preview the sound"
  },
  "AA1 Drag to Preset": {
    "patch": {
      "Pitch_ToeUp": 90,
      "Filter_ToeUp": 0,
      "Mix_ToeUp": 127,
      "Sustain_ToeUp": 98,
      "FilterEnvelope_ToeUp": 0,
      "Modulation_ToeUp": 88,
      "Portamento_ToeUp": 16,
      "FilterType_ToeUp": 54,
      "DelayLevel_ToeUp": 127,
      "RingModulation_ToeUp": 102,
      "FilterBandwidth_ToeUp": 88,
      "DelayFeedback_ToeUp": 36,
      "WaveShape": 0,
      "SynthMode": 0,
      "EnvelopeType": 0,
      "Tempo": 42,
      "Pitch_ToeDown": 117,
      "Filter_ToeDown": 0,
      "Mix_ToeDown": 127,
      "Sustain_ToeDown": 98,
      "FilterEnvelope_ToeDown": 44,
      "Modulation_ToeDown": 88,
      "Portamento_ToeDown": 115,
      "FilterType_ToeDown": 51,
      "DelayLevel_ToeDown": 127,
      "RingModulation_ToeDown": 0,
      "FilterBandwidth_ToeDown": 79,
      "DelayFeedback_ToeDown": 36
    },
    "descr": "Click and Drag a Patch Name to a Preset button on the left to store the preset in one of Enzo's 16 preset slots"
  },
  "AA2 Drag to Disk": {
    "patch": {
      "Pitch_ToeUp": 118,
      "Filter_ToeUp": 90,
      "Mix_ToeUp": 83,
      "Sustain_ToeUp": 81,
      "FilterEnvelope_ToeUp": 63,
      "Modulation_ToeUp": 0,
      "Portamento_ToeUp": 0,
      "FilterType_ToeUp": 0,
      "DelayLevel_ToeUp": 127,
      "RingModulation_ToeUp": 0,
      "FilterBandwidth_ToeUp": 72,
      "DelayFeedback_ToeUp": 0,
      "WaveShape": 0,
      "SynthMode": 95,
      "EnvelopeType": 127,
      "Tempo": 8,
      "Pitch_ToeDown": 0,
      "Filter_ToeDown": 123,
      "Mix_ToeDown": 127,
      "Sustain_ToeDown": 127,
      "FilterEnvelope_ToeDown": 63,
      "Modulation_ToeDown": 0,
      "Portamento_ToeDown": 0,
      "FilterType_ToeDown": 0,
      "DelayLevel_ToeDown": 36,
      "RingModulation_ToeDown": 0,
      "FilterBandwidth_ToeDown": 72,
      "DelayFeedback_ToeDown": 0
    },
    "descr": "Drag to the disk icon below,  to export the patch with name and description to a file to share with others that have this program"
  },
  "AA3 Drag to SYX": {
    "patch": {
      "Pitch_ToeUp": 60,
      "Filter_ToeUp": 90,
      "Mix_ToeUp": 127,
      "Sustain_ToeUp": 82,
      "FilterEnvelope_ToeUp": 71,
      "Modulation_ToeUp": 0,
      "Portamento_ToeUp": 18,
      "FilterType_ToeUp": 0,
      "DelayLevel_ToeUp": 93,
      "RingModulation_ToeUp": 0,
      "FilterBandwidth_ToeUp": 29,
      "DelayFeedback_ToeUp": 0,
      "WaveShape": 0,
      "SynthMode": 127,
      "EnvelopeType": 0,
      "Tempo": 127,
      "Pitch_ToeDown": 5,
      "Filter_ToeDown": 127,
      "Mix_ToeDown": 127,
      "Sustain_ToeDown": 82,
      "FilterEnvelope_ToeDown": 67,
      "Modulation_ToeDown": 60,
      "Portamento_ToeDown": 102,
      "FilterType_ToeDown": 0,
      "DelayLevel_ToeDown": 82,
      "RingModulation_ToeDown": 0,
      "FilterBandwidth_ToeDown": 29,
      "DelayFeedback_ToeDown": 0
    },
    "descr": "Drag to SYX below, to export the patch to a sysex file to share with others"
  },
  "AA4 Drag to the Trash": {
    "patch": {
      "Pitch_ToeUp": 60,
      "Filter_ToeUp": 90,
      "Mix_ToeUp": 127,
      "Sustain_ToeUp": 82,
      "FilterEnvelope_ToeUp": 71,
      "Modulation_ToeUp": 0,
      "Portamento_ToeUp": 23,
      "FilterType_ToeUp": 0,
      "DelayLevel_ToeUp": 93,
      "RingModulation_ToeUp": 0,
      "FilterBandwidth_ToeUp": 29,
      "DelayFeedback_ToeUp": 0,
      "WaveShape": 0,
      "SynthMode": 127,
      "EnvelopeType": 0,
      "Tempo": 127,
      "Pitch_ToeDown": 5,
      "Filter_ToeDown": 127,
      "Mix_ToeDown": 127,
      "Sustain_ToeDown": 82,
      "FilterEnvelope_ToeDown": 67,
      "Modulation_ToeDown": 60,
      "Portamento_ToeDown": 102,
      "FilterType_ToeDown": 0,
      "DelayLevel_ToeDown": 82,
      "RingModulation_ToeDown": 0,
      "FilterBandwidth_ToeDown": 29,
      "DelayFeedback_ToeDown": 0
    },
    "descr": "Drag a patch name to the trashcan on the lower right to remove a patch from the library"
  },
  "AA5 Use Search": {
    "patch": {
      "Pitch_ToeUp": 0,
      "Filter_ToeUp": 45,
      "Mix_ToeUp": 127,
      "Sustain_ToeUp": 127,
      "FilterEnvelope_ToeUp": 43,
      "Modulation_ToeUp": 121,
      "Portamento_ToeUp": 46,
      "FilterType_ToeUp": 0,
      "DelayLevel_ToeUp": 127,
      "RingModulation_ToeUp": 0,
      "FilterBandwidth_ToeUp": 54,
      "DelayFeedback_ToeUp": 0,
      "WaveShape": 127,
      "SynthMode": 95,
      "EnvelopeType": 127,
      "Tempo": 33,
      "Pitch_ToeDown": 3,
      "Filter_ToeDown": 96,
      "Mix_ToeDown": 127,
      "Sustain_ToeDown": 127,
      "FilterEnvelope_ToeDown": 63,
      "Modulation_ToeDown": 0,
      "Portamento_ToeDown": 0,
      "FilterType_ToeDown": 0,
      "DelayLevel_ToeDown": 34,
      "RingModulation_ToeDown": 0,
      "FilterBandwidth_ToeDown": 41,
      "DelayFeedback_ToeDown": 0
    },
    "descr": "Use the search box below to find patches.  Search sorts the patches in search order, try typing 'poly' or 'factory' in the search box"
  },
  "AA6 Globals": {
    "patch": {
      "Pitch_ToeUp": 90,
      "Filter_ToeUp": 0,
      "Mix_ToeUp": 127,
      "Sustain_ToeUp": 98,
      "FilterEnvelope_ToeUp": 0,
      "Modulation_ToeUp": 88,
      "Portamento_ToeUp": 18,
      "FilterType_ToeUp": 33,
      "DelayLevel_ToeUp": 127,
      "RingModulation_ToeUp": 102,
      "FilterBandwidth_ToeUp": 88,
      "DelayFeedback_ToeUp": 36,
      "WaveShape": 0,
      "SynthMode": 0,
      "EnvelopeType": 0,
      "Tempo": 42,
      "Pitch_ToeDown": 117,
      "Filter_ToeDown": 0,
      "Mix_ToeDown": 127,
      "Sustain_ToeDown": 98,
      "FilterEnvelope_ToeDown": 44,
      "Modulation_ToeDown": 88,
      "Portamento_ToeDown": 115,
      "FilterType_ToeDown": 51,
      "DelayLevel_ToeDown": 127,
      "RingModulation_ToeDown": 0,
      "FilterBandwidth_ToeDown": 79,
      "DelayFeedback_ToeDown": 36
    },
    "descr": "Look in the Settings menu to adjust the Enzo Global Settings"
  },
  "AA7 Navigate": {
    "patch": {
      "Pitch_ToeUp": 90,
      "Filter_ToeUp": 0,
      "Mix_ToeUp": 127,
      "Sustain_ToeUp": 98,
      "FilterEnvelope_ToeUp": 0,
      "Modulation_ToeUp": 88,
      "Portamento_ToeUp": 24,
      "FilterType_ToeUp": 33,
      "DelayLevel_ToeUp": 127,
      "RingModulation_ToeUp": 102,
      "FilterBandwidth_ToeUp": 88,
      "DelayFeedback_ToeUp": 36,
      "WaveShape": 0,
      "SynthMode": 0,
      "EnvelopeType": 0,
      "Tempo": 42,
      "Pitch_ToeDown": 117,
      "Filter_ToeDown": 0,
      "Mix_ToeDown": 127,
      "Sustain_ToeDown": 98,
      "FilterEnvelope_ToeDown": 44,
      "Modulation_ToeDown": 88,
      "Portamento_ToeDown": 115,
      "FilterType_ToeDown": 51,
      "DelayLevel_ToeDown": 127,
      "RingModulation_ToeDown": 0,
      "FilterBandwidth_ToeDown": 79,
      "DelayFeedback_ToeDown": 36
    },
    "descr": "Click on the Meris Icon in the upper left corner to switch between the editor and the librarian, try it now!"
  },
  "AA8 Enough!": {
    "patch": {
      "Pitch_ToeUp": 14,
      "Filter_ToeUp": 127,
      "Mix_ToeUp": 82,
      "Sustain_ToeUp": 0,
      "FilterEnvelope_ToeUp": 96,
      "Modulation_ToeUp": 0,
      "Portamento_ToeUp": 0,
      "FilterType_ToeUp": 75,
      "DelayLevel_ToeUp": 81,
      "RingModulation_ToeUp": 0,
      "FilterBandwidth_ToeUp": 0,
      "DelayFeedback_ToeUp": 63,
      "WaveShape": 127,
      "SynthMode": 0,
      "EnvelopeType": 0,
      "Tempo": 34,
      "Pitch_ToeDown": 60,
      "Filter_ToeDown": 85,
      "Mix_ToeDown": 127,
      "Sustain_ToeDown": 0,
      "FilterEnvelope_ToeDown": 94,
      "Modulation_ToeDown": 0,
      "Portamento_ToeDown": 0,
      "FilterType_ToeDown": 77,
      "DelayLevel_ToeDown": 0,
      "RingModulation_ToeDown": 0,
      "FilterBandwidth_ToeDown": 112,
      "DelayFeedback_ToeDown": 0
    },
    "descr": "Enough directions, drag all the direction patches to the trash and explore on your own"
  },
  "Light Pad": {
    "patch": {
      "Pitch_ToeUp": 118,
      "Filter_ToeUp": 88,
      "Mix_ToeUp": 20,
      "Sustain_ToeUp": 29,
      "FilterEnvelope_ToeUp": 123,
      "Modulation_ToeUp": 57,
      "Portamento_ToeUp": 0,
      "FilterType_ToeUp": 84,
      "DelayLevel_ToeUp": 127,
      "RingModulation_ToeUp": 0,
      "FilterBandwidth_ToeUp": 46,
      "DelayFeedback_ToeUp": 24,
      "WaveShape": 127,
      "SynthMode": 127,
      "EnvelopeType": 127,
      "Tempo": 75,
      "Pitch_ToeDown": 127,
      "Filter_ToeDown": 88,
      "Mix_ToeDown": 12,
      "Sustain_ToeDown": 29,
      "FilterEnvelope_ToeDown": 123,
      "Modulation_ToeDown": 57,
      "Portamento_ToeDown": 23,
      "FilterType_ToeDown": 84,
      "DelayLevel_ToeDown": 127,
      "RingModulation_ToeDown": 0,
      "FilterBandwidth_ToeDown": 46,
      "DelayFeedback_ToeDown": 24
    },
    "descr": "Strum chords and light pad fills in the sound, pressing the pedal brings up the porto for added movement"
  },
  "Funky Quackery": {
    "patch": {
      "Pitch_ToeUp": 65,
      "Filter_ToeUp": 85,
      "Mix_ToeUp": 127,
      "Sustain_ToeUp": 0,
      "FilterEnvelope_ToeUp": 94,
      "Modulation_ToeUp": 0,
      "Portamento_ToeUp": 0,
      "FilterType_ToeUp": 88,
      "DelayLevel_ToeUp": 5,
      "RingModulation_ToeUp": 0,
      "FilterBandwidth_ToeUp": 112,
      "DelayFeedback_ToeUp": 31,
      "WaveShape": 127,
      "SynthMode": 0,
      "EnvelopeType": 127,
      "Tempo": 66,
      "Pitch_ToeDown": 65,
      "Filter_ToeDown": 127,
      "Mix_ToeDown": 127,
      "Sustain_ToeDown": 0,
      "FilterEnvelope_ToeDown": 94,
      "Modulation_ToeDown": 0,
      "Portamento_ToeDown": 0,
      "FilterType_ToeDown": 88,
      "DelayLevel_ToeDown": 5,
      "RingModulation_ToeDown": 0,
      "FilterBandwidth_ToeDown": 112,
      "DelayFeedback_ToeDown": 31
    },
    "descr": "The quack of the envelope filter with delay"
  },
  "What What What": {
    "patch": {
      "Pitch_ToeUp": 64,
      "Filter_ToeUp": 106,
      "Mix_ToeUp": 127,
      "Sustain_ToeUp": 127,
      "FilterEnvelope_ToeUp": 89,
      "Modulation_ToeUp": 57,
      "Portamento_ToeUp": 37,
      "FilterType_ToeUp": 0,
      "DelayLevel_ToeUp": 0,
      "RingModulation_ToeUp": 0,
      "FilterBandwidth_ToeUp": 112,
      "DelayFeedback_ToeUp": 0,
      "WaveShape": 0,
      "SynthMode": 95,
      "EnvelopeType": 0,
      "Tempo": 24,
      "Pitch_ToeDown": 32,
      "Filter_ToeDown": 49,
      "Mix_ToeDown": 119,
      "Sustain_ToeDown": 127,
      "FilterEnvelope_ToeDown": 0,
      "Modulation_ToeDown": 5,
      "Portamento_ToeDown": 0,
      "FilterType_ToeDown": 53,
      "DelayLevel_ToeDown": 29,
      "RingModulation_ToeDown": 127,
      "FilterBandwidth_ToeDown": 127,
      "DelayFeedback_ToeDown": 34
    },
    "descr": "Asking What?, What?, What?"
  }
}