{
  "PolySwell": {
    "descr": "Factory Preset 01",
    "patch": {
      "Pitch_ToeUp": 6,
      "Filter_ToeUp": 123,
      "Mix_ToeUp": 127,
      "Sustain_ToeUp": 33,
      "FilterEnvelope_ToeUp": 123,
      "Modulation_ToeUp": 57,
      "Portamento_ToeUp": 0,
      "FilterType_ToeUp": 84,
      "DelayLevel_ToeUp": 127,
      "RingModulation_ToeUp": 0,
      "FilterBandwidth_ToeUp": 102,
      "DelayFeedback_ToeUp": 0,
      "WaveShape": 0,
      "SynthMode": 127,
      "EnvelopeType": 0,
      "Tempo": 127,
      "Pitch_ToeDown": 64,
      "Filter_ToeDown": 123,
      "Mix_ToeDown": 127,
      "Sustain_ToeDown": 33,
      "FilterEnvelope_ToeDown": 123,
      "Modulation_ToeDown": 57,
      "Portamento_ToeDown": 0,
      "FilterType_ToeDown": 84,
      "DelayLevel_ToeDown": 127,
      "RingModulation_ToeDown": 0,
      "FilterBandwidth_ToeDown": 102,
      "DelayFeedback_ToeDown": 0
    }
  },
  "PolyRing": {
    "descr": "Factory Preset 02",
    "patch": {
      "Pitch_ToeUp": 62,
      "Filter_ToeUp": 0,
      "Mix_ToeUp": 101,
      "Sustain_ToeUp": 59,
      "FilterEnvelope_ToeUp": 4,
      "Modulation_ToeUp": 19,
      "Portamento_ToeUp": 0,
      "FilterType_ToeUp": 44,
      "DelayLevel_ToeUp": 0,
      "RingModulation_ToeUp": 68,
      "FilterBandwidth_ToeUp": 55,
      "DelayFeedback_ToeUp": 0,
      "WaveShape": 0,
      "SynthMode": 127,
      "EnvelopeType": 0,
      "Tempo": 127,
      "Pitch_ToeDown": 0,
      "Filter_ToeDown": 90,
      "Mix_ToeDown": 127,
      "Sustain_ToeDown": 59,
      "FilterEnvelope_ToeDown": 28,
      "Modulation_ToeDown": 101,
      "Portamento_ToeDown": 7,
      "FilterType_ToeDown": 37,
      "DelayLevel_ToeDown": 63,
      "RingModulation_ToeDown": 0,
      "FilterBandwidth_ToeDown": 0,
      "DelayFeedback_ToeDown": 121
    }
  },
  "SparkArp": {
    "descr": "Factory Preset 03",
    "patch": {
      "Pitch_ToeUp": 58,
      "Filter_ToeUp": 90,
      "Mix_ToeUp": 83,
      "Sustain_ToeUp": 81,
      "FilterEnvelope_ToeUp": 63,
      "Modulation_ToeUp": 0,
      "Portamento_ToeUp": 0,
      "FilterType_ToeUp": 0,
      "DelayLevel_ToeUp": 127,
      "RingModulation_ToeUp": 0,
      "FilterBandwidth_ToeUp": 72,
      "DelayFeedback_ToeUp": 0,
      "WaveShape": 0,
      "SynthMode": 95,
      "EnvelopeType": 127,
      "Tempo": 8,
      "Pitch_ToeDown": 0,
      "Filter_ToeDown": 123,
      "Mix_ToeDown": 127,
      "Sustain_ToeDown": 127,
      "FilterEnvelope_ToeDown": 63,
      "Modulation_ToeDown": 0,
      "Portamento_ToeDown": 0,
      "FilterType_ToeDown": 0,
      "DelayLevel_ToeDown": 36,
      "RingModulation_ToeDown": 0,
      "FilterBandwidth_ToeDown": 72,
      "DelayFeedback_ToeDown": 0
    }
  },
  "MonoEcho": {
    "descr": "Factory Preset 04",
    "patch": {
      "Pitch_ToeUp": 68,
      "Filter_ToeUp": 76,
      "Mix_ToeUp": 62,
      "Sustain_ToeUp": 0,
      "FilterEnvelope_ToeUp": 44,
      "Modulation_ToeUp": 57,
      "Portamento_ToeUp": 0,
      "FilterType_ToeUp": 84,
      "DelayLevel_ToeUp": 127,
      "RingModulation_ToeUp": 0,
      "FilterBandwidth_ToeUp": 88,
      "DelayFeedback_ToeUp": 89,
      "WaveShape": 0,
      "SynthMode": 63,
      "EnvelopeType": 127,
      "Tempo": 63,
      "Pitch_ToeDown": 0,
      "Filter_ToeDown": 127,
      "Mix_ToeDown": 127,
      "Sustain_ToeDown": 53,
      "FilterEnvelope_ToeDown": 120,
      "Modulation_ToeDown": 53,
      "Portamento_ToeDown": 0,
      "FilterType_ToeDown": 84,
      "DelayLevel_ToeDown": 66,
      "RingModulation_ToeDown": 0,
      "FilterBandwidth_ToeDown": 102,
      "DelayFeedback_ToeDown": 59
    }
  },
  "PolyGlide": {
    "descr": "Factory Preset 05",
    "patch": {
      "Pitch_ToeUp": 5,
      "Filter_ToeUp": 90,
      "Mix_ToeUp": 127,
      "Sustain_ToeUp": 82,
      "FilterEnvelope_ToeUp": 71,
      "Modulation_ToeUp": 0,
      "Portamento_ToeUp": 102,
      "FilterType_ToeUp": 0,
      "DelayLevel_ToeUp": 93,
      "RingModulation_ToeUp": 0,
      "FilterBandwidth_ToeUp": 29,
      "DelayFeedback_ToeUp": 0,
      "WaveShape": 0,
      "SynthMode": 127,
      "EnvelopeType": 0,
      "Tempo": 127,
      "Pitch_ToeDown": 5,
      "Filter_ToeDown": 127,
      "Mix_ToeDown": 127,
      "Sustain_ToeDown": 82,
      "FilterEnvelope_ToeDown": 67,
      "Modulation_ToeDown": 60,
      "Portamento_ToeDown": 102,
      "FilterType_ToeDown": 0,
      "DelayLevel_ToeDown": 82,
      "RingModulation_ToeDown": 0,
      "FilterBandwidth_ToeDown": 29,
      "DelayFeedback_ToeDown": 0
    }
  },
  "DarkArp": {
    "descr": "Factory Preset 06",
    "patch": {
      "Pitch_ToeUp": 0,
      "Filter_ToeUp": 45,
      "Mix_ToeUp": 127,
      "Sustain_ToeUp": 127,
      "FilterEnvelope_ToeUp": 43,
      "Modulation_ToeUp": 121,
      "Portamento_ToeUp": 0,
      "FilterType_ToeUp": 0,
      "DelayLevel_ToeUp": 127,
      "RingModulation_ToeUp": 0,
      "FilterBandwidth_ToeUp": 54,
      "DelayFeedback_ToeUp": 0,
      "WaveShape": 0,
      "SynthMode": 95,
      "EnvelopeType": 127,
      "Tempo": 33,
      "Pitch_ToeDown": 3,
      "Filter_ToeDown": 96,
      "Mix_ToeDown": 127,
      "Sustain_ToeDown": 127,
      "FilterEnvelope_ToeDown": 63,
      "Modulation_ToeDown": 0,
      "Portamento_ToeDown": 0,
      "FilterType_ToeDown": 0,
      "DelayLevel_ToeDown": 34,
      "RingModulation_ToeDown": 0,
      "FilterBandwidth_ToeDown": 41,
      "DelayFeedback_ToeDown": 0
    }
  },
  "MonoTyrell": {
    "descr": "Factory Preset 07",
    "patch": {
      "Pitch_ToeUp": 62,
      "Filter_ToeUp": 127,
      "Mix_ToeUp": 127,
      "Sustain_ToeUp": 127,
      "FilterEnvelope_ToeUp": 63,
      "Modulation_ToeUp": 127,
      "Portamento_ToeUp": 0,
      "FilterType_ToeUp": 84,
      "DelayLevel_ToeUp": 94,
      "RingModulation_ToeUp": 49,
      "FilterBandwidth_ToeUp": 30,
      "DelayFeedback_ToeUp": 84,
      "WaveShape": 127,
      "SynthMode": 63,
      "EnvelopeType": 0,
      "Tempo": 63,
      "Pitch_ToeDown": 0,
      "Filter_ToeDown": 127,
      "Mix_ToeDown": 127,
      "Sustain_ToeDown": 33,
      "FilterEnvelope_ToeDown": 96,
      "Modulation_ToeDown": 53,
      "Portamento_ToeDown": 0,
      "FilterType_ToeDown": 84,
      "DelayLevel_ToeDown": 18,
      "RingModulation_ToeDown": 0,
      "FilterBandwidth_ToeDown": 102,
      "DelayFeedback_ToeDown": 43
    }
  },
  "ShiftTrem": {
    "descr": "Factory Preset 08",
    "patch": {
      "Pitch_ToeUp": 89,
      "Filter_ToeUp": 127,
      "Mix_ToeUp": 40,
      "Sustain_ToeUp": 33,
      "FilterEnvelope_ToeUp": 0,
      "Modulation_ToeUp": 48,
      "Portamento_ToeUp": 0,
      "FilterType_ToeUp": 0,
      "DelayLevel_ToeUp": 112,
      "RingModulation_ToeUp": 17,
      "FilterBandwidth_ToeUp": 0,
      "DelayFeedback_ToeUp": 63,
      "WaveShape": 0,
      "SynthMode": 0,
      "EnvelopeType": 0,
      "Tempo": 63,
      "Pitch_ToeDown": 61,
      "Filter_ToeDown": 127,
      "Mix_ToeDown": 127,
      "Sustain_ToeDown": 33,
      "FilterEnvelope_ToeDown": 0,
      "Modulation_ToeDown": 17,
      "Portamento_ToeDown": 0,
      "FilterType_ToeDown": 0,
      "DelayLevel_ToeDown": 112,
      "RingModulation_ToeDown": 0,
      "FilterBandwidth_ToeDown": 0,
      "DelayFeedback_ToeDown": 63
    }
  },
  "BellLab": {
    "descr": "Factory Preset 09",
    "patch": {
      "Pitch_ToeUp": 97,
      "Filter_ToeUp": 0,
      "Mix_ToeUp": 127,
      "Sustain_ToeUp": 98,
      "FilterEnvelope_ToeUp": 0,
      "Modulation_ToeUp": 88,
      "Portamento_ToeUp": 16,
      "FilterType_ToeUp": 54,
      "DelayLevel_ToeUp": 127,
      "RingModulation_ToeUp": 102,
      "FilterBandwidth_ToeUp": 88,
      "DelayFeedback_ToeUp": 36,
      "WaveShape": 0,
      "SynthMode": 0,
      "EnvelopeType": 0,
      "Tempo": 42,
      "Pitch_ToeDown": 117,
      "Filter_ToeDown": 0,
      "Mix_ToeDown": 127,
      "Sustain_ToeDown": 98,
      "FilterEnvelope_ToeDown": 44,
      "Modulation_ToeDown": 88,
      "Portamento_ToeDown": 115,
      "FilterType_ToeDown": 51,
      "DelayLevel_ToeDown": 127,
      "RingModulation_ToeDown": 0,
      "FilterBandwidth_ToeDown": 79,
      "DelayFeedback_ToeDown": 36
    }
  },
  "Woodwind": {
    "descr": "Factory Preset 10",
    "patch": {
      "Pitch_ToeUp": 120,
      "Filter_ToeUp": 51,
      "Mix_ToeUp": 127,
      "Sustain_ToeUp": 127,
      "FilterEnvelope_ToeUp": 65,
      "Modulation_ToeUp": 57,
      "Portamento_ToeUp": 0,
      "FilterType_ToeUp": 0,
      "DelayLevel_ToeUp": 102,
      "RingModulation_ToeUp": 0,
      "FilterBandwidth_ToeUp": 0,
      "DelayFeedback_ToeUp": 83,
      "WaveShape": 0,
      "SynthMode": 0,
      "EnvelopeType": 0,
      "Tempo": 63,
      "Pitch_ToeDown": 127,
      "Filter_ToeDown": 51,
      "Mix_ToeDown": 127,
      "Sustain_ToeDown": 127,
      "FilterEnvelope_ToeDown": 65,
      "Modulation_ToeDown": 57,
      "Portamento_ToeDown": 0,
      "FilterType_ToeDown": 0,
      "DelayLevel_ToeDown": 102,
      "RingModulation_ToeDown": 0,
      "FilterBandwidth_ToeDown": 0,
      "DelayFeedback_ToeDown": 83
    }
  },
  "RileyCurve": {
    "descr": "Factory Preset 11",
    "patch": {
      "Pitch_ToeUp": 68,
      "Filter_ToeUp": 93,
      "Mix_ToeUp": 127,
      "Sustain_ToeUp": 127,
      "FilterEnvelope_ToeUp": 63,
      "Modulation_ToeUp": 0,
      "Portamento_ToeUp": 0,
      "FilterType_ToeUp": 75,
      "DelayLevel_ToeUp": 56,
      "RingModulation_ToeUp": 0,
      "FilterBandwidth_ToeUp": 0,
      "DelayFeedback_ToeUp": 0,
      "WaveShape": 0,
      "SynthMode": 95,
      "EnvelopeType": 0,
      "Tempo": 8,
      "Pitch_ToeDown": 68,
      "Filter_ToeDown": 93,
      "Mix_ToeDown": 127,
      "Sustain_ToeDown": 127,
      "FilterEnvelope_ToeDown": 63,
      "Modulation_ToeDown": 57,
      "Portamento_ToeDown": 0,
      "FilterType_ToeDown": 75,
      "DelayLevel_ToeDown": 127,
      "RingModulation_ToeDown": 0,
      "FilterBandwidth_ToeDown": 0,
      "DelayFeedback_ToeDown": 0
    }
  },
  "PondBass": {
    "descr": "Factory Preset 12",
    "patch": {
      "Pitch_ToeUp": 7,
      "Filter_ToeUp": 127,
      "Mix_ToeUp": 90,
      "Sustain_ToeUp": 107,
      "FilterEnvelope_ToeUp": 120,
      "Modulation_ToeUp": 127,
      "Portamento_ToeUp": 42,
      "FilterType_ToeUp": 84,
      "DelayLevel_ToeUp": 127,
      "RingModulation_ToeUp": 0,
      "FilterBandwidth_ToeUp": 92,
      "DelayFeedback_ToeUp": 80,
      "WaveShape": 0,
      "SynthMode": 63,
      "EnvelopeType": 0,
      "Tempo": 12,
      "Pitch_ToeDown": 65,
      "Filter_ToeDown": 127,
      "Mix_ToeDown": 90,
      "Sustain_ToeDown": 107,
      "FilterEnvelope_ToeDown": 120,
      "Modulation_ToeDown": 44,
      "Portamento_ToeDown": 42,
      "FilterType_ToeDown": 84,
      "DelayLevel_ToeDown": 127,
      "RingModulation_ToeDown": 0,
      "FilterBandwidth_ToeDown": 92,
      "DelayFeedback_ToeDown": 80
    }
  },
  "Starland": {
    "descr": "Factory Preset 13",
    "patch": {
      "Pitch_ToeUp": 64,
      "Filter_ToeUp": 123,
      "Mix_ToeUp": 127,
      "Sustain_ToeUp": 127,
      "FilterEnvelope_ToeUp": 122,
      "Modulation_ToeUp": 57,
      "Portamento_ToeUp": 97,
      "FilterType_ToeUp": 84,
      "DelayLevel_ToeUp": 127,
      "RingModulation_ToeUp": 110,
      "FilterBandwidth_ToeUp": 98,
      "DelayFeedback_ToeUp": 0,
      "WaveShape": 0,
      "SynthMode": 127,
      "EnvelopeType": 127,
      "Tempo": 53,
      "Pitch_ToeDown": 116,
      "Filter_ToeDown": 123,
      "Mix_ToeDown": 127,
      "Sustain_ToeDown": 127,
      "FilterEnvelope_ToeDown": 122,
      "Modulation_ToeDown": 31,
      "Portamento_ToeDown": 97,
      "FilterType_ToeDown": 84,
      "DelayLevel_ToeDown": 127,
      "RingModulation_ToeDown": 0,
      "FilterBandwidth_ToeDown": 98,
      "DelayFeedback_ToeDown": 0
    }
  },
  "FormantRing": {
    "descr": "Factory Preset 14",
    "patch": {
      "Pitch_ToeUp": 29,
      "Filter_ToeUp": 34,
      "Mix_ToeUp": 127,
      "Sustain_ToeUp": 127,
      "FilterEnvelope_ToeUp": 0,
      "Modulation_ToeUp": 0,
      "Portamento_ToeUp": 0,
      "FilterType_ToeUp": 49,
      "DelayLevel_ToeUp": 32,
      "RingModulation_ToeUp": 127,
      "FilterBandwidth_ToeUp": 123,
      "DelayFeedback_ToeUp": 31,
      "WaveShape": 0,
      "SynthMode": 0,
      "EnvelopeType": 0,
      "Tempo": 109,
      "Pitch_ToeDown": 32,
      "Filter_ToeDown": 49,
      "Mix_ToeDown": 119,
      "Sustain_ToeDown": 127,
      "FilterEnvelope_ToeDown": 0,
      "Modulation_ToeDown": 5,
      "Portamento_ToeDown": 0,
      "FilterType_ToeDown": 53,
      "DelayLevel_ToeDown": 29,
      "RingModulation_ToeDown": 127,
      "FilterBandwidth_ToeDown": 127,
      "DelayFeedback_ToeDown": 34
    }
  },
  "LinkArp": {
    "descr": "Factory Preset 15",
    "patch": {
      "Pitch_ToeUp": 123,
      "Filter_ToeUp": 127,
      "Mix_ToeUp": 127,
      "Sustain_ToeUp": 127,
      "FilterEnvelope_ToeUp": 73,
      "Modulation_ToeUp": 0,
      "Portamento_ToeUp": 0,
      "FilterType_ToeUp": 53,
      "DelayLevel_ToeUp": 58,
      "RingModulation_ToeUp": 0,
      "FilterBandwidth_ToeUp": 47,
      "DelayFeedback_ToeUp": 0,
      "WaveShape": 0,
      "SynthMode": 95,
      "EnvelopeType": 127,
      "Tempo": 25,
      "Pitch_ToeDown": 11,
      "Filter_ToeDown": 127,
      "Mix_ToeDown": 127,
      "Sustain_ToeDown": 127,
      "FilterEnvelope_ToeDown": 0,
      "Modulation_ToeDown": 5,
      "Portamento_ToeDown": 0,
      "FilterType_ToeDown": 0,
      "DelayLevel_ToeDown": 34,
      "RingModulation_ToeDown": 0,
      "FilterBandwidth_ToeDown": 41,
      "DelayFeedback_ToeDown": 0
    }
  },
  "ExpSweep": {
    "descr": "Factory Preset 16",
    "patch": {
      "Pitch_ToeUp": 90,
      "Filter_ToeUp": 127,
      "Mix_ToeUp": 82,
      "Sustain_ToeUp": 0,
      "FilterEnvelope_ToeUp": 96,
      "Modulation_ToeUp": 0,
      "Portamento_ToeUp": 0,
      "FilterType_ToeUp": 75,
      "DelayLevel_ToeUp": 81,
      "RingModulation_ToeUp": 0,
      "FilterBandwidth_ToeUp": 0,
      "DelayFeedback_ToeUp": 63,
      "WaveShape": 127,
      "SynthMode": 0,
      "EnvelopeType": 0,
      "Tempo": 34,
      "Pitch_ToeDown": 60,
      "Filter_ToeDown": 85,
      "Mix_ToeDown": 127,
      "Sustain_ToeDown": 0,
      "FilterEnvelope_ToeDown": 94,
      "Modulation_ToeDown": 0,
      "Portamento_ToeDown": 0,
      "FilterType_ToeDown": 77,
      "DelayLevel_ToeDown": 0,
      "RingModulation_ToeDown": 0,
      "FilterBandwidth_ToeDown": 112,
      "DelayFeedback_ToeDown": 0
    }
  }
}